{
    "Entities": [
        {
            "angularDamping": 0,
            "clientOnly": 0,
            "color": {
                "blue": 0,
                "green": 0,
                "red": 255
            },
            "created": "2017-07-17T23:33:11Z",
            "damping": 0,
            "dimensions": {
                "x": 0.20000000298023224,
                "y": 0.20000000298023224,
                "z": 0.20000000298023224
            },
            "id": "{e488cda5-b343-491a-99e5-62110ceb470e}",
            "lastEdited": 1500334358012489,
            "lastEditedBy": "{54df082f-206d-4b77-8b68-54380191e23f}",
            "owningAvatarID": "{00000000-0000-0000-0000-000000000000}",
            "queryAACube": {
                "scale": 0.34641015529632568,
                "x": -0.17320507764816284,
                "y": -0.17320507764816284,
                "z": -0.17320507764816284
            },
            "rotation": {
                "w": 1,
                "x": -1.52587890625e-05,
                "y": -1.52587890625e-05,
                "z": -1.52587890625e-05
            },
            "shape": "Cube",
            "type": "Box",
            "userData": "{\"grabbableKey\":{\"grabbable\":true}}"
        }
    ],
    "Version": 70
}
